Ref,Val,Package,PosX,PosY,Rot,Side
"C1","10uF","CP_EIA-7343-20_Kemet-V_HandSolder",217.030000,-81.410000,-90.000000,top
"C2","10uF","CP_EIA-7343-20_Kemet-V_HandSolder",225.577500,-74.020000,180.000000,top
"D1","LED","LED_1206_3216Metric_Pad1.42x1.75mm_HandSolder",241.027500,-85.300000,0.000000,top
"D2","LED","LED_1206_3216Metric_Pad1.42x1.75mm_HandSolder",241.112500,-88.320000,0.000000,top
"J3","USB_C_Receptacle_USB2.0_16P","USB_C_Receptacle_GCT_USB4105-xx-A_16P_TopMnt_Horizontal",240.735000,-78.355000,90.000000,top
"R1","5.1K","R_1206_3216Metric_Pad1.30x1.75mm_HandSolder",234.510000,-74.210000,90.000000,top
"R2","5.1K","R_1206_3216Metric_Pad1.30x1.75mm_HandSolder",234.430000,-79.300000,90.000000,top
"R3","1K","R_1206_3216Metric_Pad1.30x1.75mm_HandSolder",234.410000,-85.340000,0.000000,top
"R4","1K","R_1206_3216Metric_Pad1.30x1.75mm_HandSolder",231.320000,-81.720000,-90.000000,top
"R5","1K","R_1206_3216Metric_Pad1.30x1.75mm_HandSolder",225.580000,-84.880000,0.000000,top
"R6","1K","R_1206_3216Metric_Pad1.30x1.75mm_HandSolder",228.010000,-89.400000,90.000000,top
"R7","1K","R_1206_3216Metric_Pad1.30x1.75mm_HandSolder",234.670000,-88.600000,180.000000,top
"R8","1K","R_1206_3216Metric_Pad1.30x1.75mm_HandSolder",231.700000,-74.560000,90.000000,top
"TP1","TP4056-42-ESOP8","SOIC-8-1EP_3.9x4.9mm_P1.27mm_EP2.41x3.3mm_ThermalVias",225.760000,-79.920000,180.000000,top
